{"cameraMode":{"drawMode":0,"name":"Shaded","section":"Shading Mode"},"sceneLighting":true,"audioPlay":false,"sceneViewState":{"showFog":true,"showMaterialUpdate":false,"showSkybox":true,"showFlares":true,"showImageEffects":true,"showParticleSystems":true},"in2DMode":false,"pivot":{"x":-78.95301818847656,"y":-137.8243865966797,"z":148.78477478027345},"rotation":{"x":-0.34799349308013918,"y":0.27994364500045779,"z":-0.10970865190029144,"w":-0.8879730701446533},"size":269.07952880859377,"orthographic":false}