{"cameraMode":{"drawMode":0,"name":"Shaded","section":"Shading Mode"},"sceneLighting":true,"audioPlay":false,"sceneViewState":{"showFog":false,"showMaterialUpdate":false,"showSkybox":false,"showFlares":false,"showImageEffects":false,"showParticleSystems":false},"in2DMode":false,"pivot":{"x":93.71528625488281,"y":-45.34282684326172,"z":210.4449920654297},"rotation":{"x":-0.09591509401798248,"y":-0.24089764058589936,"z":0.023865003138780595,"w":-0.9655045866966248},"size":248.84112548828126,"orthographic":false}