{"cameraMode":{"drawMode":0,"name":"Shaded","section":"Shading Mode"},"sceneLighting":true,"audioPlay":false,"sceneViewState":{"showFog":true,"showMaterialUpdate":true,"showSkybox":true,"showFlares":true,"showImageEffects":true,"showParticleSystems":true},"in2DMode":false,"pivot":{"x":-37.39013671875,"y":32.57666015625,"z":17.859375},"rotation":{"x":-0.08489827811717987,"y":-0.1364656686782837,"z":0.011737384833395481,"w":-0.9869304299354553},"size":70.12679290771485,"orthographic":true}